{"cameraMode":{"drawMode":0,"name":"Shaded","section":"Shading Mode"},"sceneLighting":false,"audioPlay":false,"sceneViewState":{"m_AlwaysRefresh":false,"showFog":false,"showSkybox":false,"showFlares":false,"showImageEffects":false,"showParticleSystems":false,"showVisualEffectGraphs":true,"m_FxEnabled":true},"in2DMode":false,"pivot":{"x":0.11832486093044281,"y":0.8893490433692932,"z":0.10257315635681153},"rotation":{"x":0.0029377732425928118,"y":-0.996085524559021,"z":-0.06748068332672119,"w":-0.05763927474617958},"size":1.8442792892456055,"orthographic":false}