{"cameraMode":{"drawMode":0,"name":"Shaded","section":"Shading Mode"},"sceneLighting":false,"audioPlay":false,"sceneViewState":{"m_AlwaysRefresh":false,"showFog":false,"showSkybox":false,"showFlares":false,"showImageEffects":false,"showParticleSystems":false,"showVisualEffectGraphs":true,"m_FxEnabled":true},"in2DMode":false,"pivot":{"x":-0.0012413263320922852,"y":1.0029890537261963,"z":0.11650428175926209},"rotation":{"x":-0.005174195393919945,"y":0.9930415153503418,"z":-0.1016131266951561,"w":-0.05992111191153526},"size":1.4791436195373536,"orthographic":false}