{"cameraMode":{"drawMode":0,"name":"Shaded","section":"Shading Mode"},"sceneLighting":false,"audioPlay":false,"sceneViewState":{"m_AlwaysRefresh":false,"showFog":true,"showSkybox":false,"showFlares":true,"showImageEffects":true,"showParticleSystems":true,"showVisualEffectGraphs":true,"m_FxEnabled":true},"in2DMode":false,"pivot":{"x":-0.0011764764785766602,"y":0.9883880615234375,"z":0.09775243699550629},"rotation":{"x":0.005797984078526497,"y":-0.9930800199508667,"z":0.09260620176792145,"w":0.07247689366340637},"size":1.4148848056793213,"orthographic":false}