{"cameraMode":{"drawMode":0,"name":"Shaded","section":"Shading Mode"},"sceneLighting":false,"audioPlay":false,"sceneViewState":{"m_AlwaysRefresh":false,"showFog":false,"showSkybox":false,"showFlares":false,"showImageEffects":false,"showParticleSystems":false,"showVisualEffectGraphs":true,"m_FxEnabled":true},"in2DMode":false,"pivot":{"x":0.16946712136268617,"y":1.2052593231201172,"z":-0.6925283074378967},"rotation":{"x":0.0015811824705451727,"y":-0.993371844291687,"z":0.022376367822289468,"w":0.11301804333925247},"size":1.4148848056793213,"orthographic":false}