{"cameraMode":{"drawMode":0,"name":"Shaded","section":"Shading Mode"},"sceneLighting":false,"audioPlay":false,"sceneViewState":{"m_AlwaysRefresh":false,"showFog":true,"showSkybox":false,"showFlares":true,"showImageEffects":true,"showParticleSystems":true,"showVisualEffectGraphs":true,"m_FxEnabled":true},"in2DMode":false,"pivot":{"x":-0.26699042320251467,"y":1.8517693281173707,"z":-2.6735122203826906},"rotation":{"x":-0.020707882940769197,"y":-0.9633872509002686,"z":0.07348978519439697,"w":-0.25733470916748049},"size":2.631258010864258,"orthographic":false}