{"cameraMode":{"drawMode":0,"name":"Shaded","section":"Shading Mode"},"sceneLighting":false,"audioPlay":false,"sceneViewState":{"m_AlwaysRefresh":false,"showFog":false,"showSkybox":false,"showFlares":false,"showImageEffects":false,"showParticleSystems":false,"showVisualEffectGraphs":true,"m_FxEnabled":true},"in2DMode":false,"pivot":{"x":0.027961334213614465,"y":0.6388971209526062,"z":0.44494324922561648},"rotation":{"x":-0.001578149269334972,"y":-0.9994185566902161,"z":0.026881584897637368,"w":-0.022884953767061235},"size":0.5791436433792114,"orthographic":false}