{"cameraMode":{"drawMode":0,"name":"Shaded","section":"Shading Mode"},"sceneLighting":false,"audioPlay":false,"sceneViewState":{"m_AlwaysRefresh":false,"showFog":true,"showSkybox":false,"showFlares":true,"showImageEffects":true,"showParticleSystems":true,"showVisualEffectGraphs":true,"m_FxEnabled":true},"in2DMode":false,"pivot":{"x":0.41809791326522829,"y":0.7171449661254883,"z":-2.5884170532226564},"rotation":{"x":-0.0071228258311748508,"y":-0.9902690052986145,"z":0.13134661316871644,"w":-0.046371061354875568},"size":3.2148849964141847,"orthographic":false}